id_achat,id_magasin,fournisseur,id_produit,date_achat,quantité,coût_unitaire,coût_total
1,3,Fourni_D,2,04-05-2025,185,24.54,4539.9
2,11,Fourni_B,7,27 Apr 2025,98,6.67,653.66
3,11,Fourni_B,3,2024-07-13,172,30.83,5302.76
4,2,Fourni_C,84,12/10/2024,142,12.76,1811.92
5,1,Fourni_C,19,28 June 2024,86,37.66,3238.76
6,6,Fourni_A,1,06-04-2024,62,43.1,2672.2
7,12,Fourni_D,53,09-30-2024,128,20.96,2682.88
8,6,Fourni_C,50,11 May 2024,108,42.44,4583.52
9,2,Fourni_C,49,2024-11-09,25,5.35,133.75
10,9,Fourni_A,24,08-14-2024,88,13.72,1207.36
11,3,Fourni_B,7,11 May 2024,195,6.48,1263.6
12,3,,76,11/01/2025,66,35.08,2315.28
13,8,Fourni_D,65,08/07/2024,185,37.03,6850.55
14,1,Fourni_B,50,2025-01-02,58,39.35,2282.3
15,6,Fourni_D,39,06 May 2024,184,33.87,6232.08
16,8,Fourni_D,78,21/10/2024,164,6.01,985.64
17,7,Fourni_D,56,06-09-2024,53,5.53,293.09
18,2,Fourni_A,69,31/07/2024,25,28.08,702.0
19,3,,1,07/07/2024,126,42.81,5394.06
20,5,Fourni_D,56,07 August 2024,42,5.88,246.96
21,2,Fourni_A,71,24 Oct 2024,179,35.43,6341.97
22,3,Fourni_B,34,10-13-2024,72,20.6,1483.2
23,9,Fourni_A,44,07-28-2024,62,32.93,2041.66
24,12,Fourni_B,60,14 March 2025,10,36.11,361.1
25,6,Fourni_D,5,15 July 2024,188,7.29,1370.52
26,9,Fourni_D,51,23/03/2025,199,27.5,5472.5
27,10,Fourni_B,73,07-15-2024,115,31.03,3568.45
28,2,Fourni_B,5,19/03/2025,59,7.57,446.63
29,8,Fourni_C,71,07-01-2024,164,33.09,5426.76
30,6,Fourni_C,65,24/09/2024,15,,603.45
31,11,Fourni_D,27,06-04-2024,106,43.54,4615.24
32,7,Fourni_A,78,05 Jan 2025,45,5.77,259.65
33,6,Fourni_D,18,11-07-2024,20,46.66,933.2
34,4,Fourni_A,93,2025-03-03,57,9.3,530.1
35,7,Fourni_C,53,04-27-2025,97,18.87,1830.39
36,11,Fourni_A,48,2024-09-18,147,25.84,3798.48
37,7,Fourni_A,97,28 March 2025,176,30.06,5290.56
38,12,Fourni_C,40,16 January 2025,46,25.09,1154.14
39,4,Fourni_C,55,08-03-2024,154,22.55,3472.7
40,8,Fourni_D,75,2025-03-15,51,37.19,1896.69
41,3,Fourni_C,52,10-23-2024,86,34.45,2962.7
42,5,Fourni_B,69,02-08-2025,97,30.17,2926.49
43,12,Fourni_C,37,2025-03-25,188,9.93,1866.84
44,3,Fourni_D,38,08 November 2024,92,15.74,1448.08
45,7,Fourni_B,78,06-13-2024,94,5.6,526.4
46,2,,51,04 January 2025,165,23.04,3801.6
47,11,Fourni_D,44,2024-10-26,31,31.1,964.1
48,10,Fourni_C,16,30 January 2025,37,,720.39
49,2,Fourni_B,24,31 Aug 2024,81,16.1,1304.1
50,3,Fourni_C,46,03-13-2025,176,39.81,7006.56
51,9,Fourni_C,7,09 Mar 2025,140,7.26,1016.4
52,5,Fourni_A,36,07 May 2024,149,51.74,7709.26
53,4,Fourni_D,15,03-17-2025,129,16.43,2119.47
54,3,Fourni_A,41,04 Jan 2025,93,20.18,1876.74
55,5,Fourni_D,100,2025-03-17,53,4.94,261.82
56,11,Fourni_D,97,04 Aug 2024,35,28.16,985.6
57,2,Fourni_D,34,11 Nov 2024,104,19.79,2058.16
58,1,Fourni_C,37,07 Jun 2024,177,10.29,1821.33
59,6,Fourni_A,100,06-12-2024,131,5.4,707.4
60,7,Fourni_C,95,25 Oct 2024,23,23.56,541.88
61,2,,22,26/01/2025,59,31.45,1855.55
62,1,Fourni_C,6,30 December 2024,144,16.0,2304.0
63,11,Fourni_A,68,2025-04-01,95,45.26,4299.7
64,7,Fourni_B,71,02 April 2025,145,35.07,5085.15
65,9,Fourni_D,22,12 Jan 2025,163,30.04,4896.52
66,4,Fourni_D,74,2025-04-13,13,25.88,336.44
67,4,Fourni_B,69,01-28-2025,193,32.07,6189.51
68,2,Fourni_C,68,24 Mar 2025,13,49.91,648.83
69,8,Fourni_C,46,11-11-2024,24,39.57,949.68
70,3,Fourni_D,17,06 Mar 2025,116,35.43,4109.88
71,2,Fourni_A,52,04-07-2025,189,33.73,6374.97
72,11,Fourni_D,16,16/12/2024,166,21.79,3617.14
73,7,Fourni_A,9,11 May 2024,78,31.5,2457.0
74,3,Fourni_C,14,20 May 2024,32,11.32,362.24
75,11,Fourni_C,11,2025-04-17,152,,4543.28
76,9,Fourni_D,48,25 Apr 2025,32,30.91,989.12
77,11,Fourni_D,17,21 Sep 2024,82,36.59,3000.38
78,5,Fourni_C,50,08 Oct 2024,198,42.8,8474.4
79,6,Fourni_C,100,05-10-2024,175,4.83,845.25
80,5,Fourni_B,3,15/03/2025,107,31.73,3395.11
81,11,Fourni_B,74,2024-05-12,139,26.74,3716.86
82,10,Fourni_B,77,29/05/2024,160,12.0,1920.0
83,1,Fourni_D,43,19 December 2024,140,29.38,4113.2
84,1,Fourni_C,59,18 Jul 2024,38,35.51,1349.38
85,8,Fourni_A,99,05 Oct 2024,74,38.29,2833.46
86,10,Fourni_C,1,2025-02-20,31,48.12,1491.72
87,7,Fourni_D,80,06-27-2024,17,29.93,508.81
88,4,Fourni_C,56,2025-01-17,142,5.69,807.98
89,8,Fourni_A,75,12-24-2024,190,39.04,7417.6
90,6,Fourni_A,56,25 December 2024,82,5.3,434.6
91,11,Fourni_B,93,02 May 2024,37,10.56,390.72
92,6,Fourni_A,98,2024-05-07,153,28.5,4360.5
93,12,Fourni_C,97,12-08-2024,112,29.76,3333.12
94,10,Fourni_D,83,10-16-2024,151,22.46,3391.46
95,4,Fourni_D,72,12 October 2024,141,32.79,4623.39
96,12,Fourni_C,12,04 October 2024,52,23.96,1245.92
97,3,Fourni_A,74,07/09/2024,196,25.59,5015.64
98,11,Fourni_A,96,02 February 2025,150,22.9,3435.0
99,8,,3,05-10-2024,195,28.35,5528.25
100,10,Fourni_B,81,08-25-2024,199,36.73,7309.27
101,8,Fourni_D,62,2024-11-26,160,50.4,8064.0
102,6,Fourni_B,53,01 Apr 2025,147,20.7,3042.9
103,6,Fourni_D,45,2024-12-17,47,33.72,1584.84
104,9,Fourni_A,30,13/07/2024,114,36.32,4140.48
105,2,Fourni_C,88,08 Jul 2024,173,13.47,2330.31
106,4,Fourni_B,61,29/04/2025,73,35.91,2621.43
107,10,Fourni_A,15,30 Mar 2025,105,16.16,1696.8
108,4,Fourni_A,25,2025-04-26,22,7.67,168.74
109,7,Fourni_B,65,2024-06-15,143,34.05,4869.15
110,9,Fourni_C,89,04-27-2025,141,43.16,6085.56
111,3,Fourni_D,12,25 November 2024,105,26.68,2801.4
112,9,Fourni_B,68,22 Jun 2024,10,44.88,448.8
113,7,Fourni_D,88,2024-09-27,11,12.28,135.08
114,12,Fourni_C,11,11-04-2024,117,29.61,3464.37
115,8,Fourni_A,43,2024-06-12,167,29.23,4881.41
116,8,Fourni_B,42,2025-04-27,21,10.81,227.01
117,8,Fourni_C,38,20/11/2024,170,14.58,2478.6
118,12,Fourni_D,81,07 Jan 2025,54,33.31,1798.74
119,10,Fourni_A,86,2024-11-09,87,47.31,4115.97
120,5,Fourni_D,81,27/02/2025,192,34.06,6539.52
121,6,Fourni_B,62,31 December 2024,11,52.11,573.21
122,3,,94,19 Feb 2025,99,11.18,1106.82
123,2,Fourni_B,13,08-23-2024,94,23.61,2219.34
124,3,Fourni_B,26,03 July 2024,142,5.17,734.14
125,3,Fourni_D,74,2025-04-06,183,23.09,4225.47
126,2,Fourni_A,27,11/12/2024,153,37.46,5731.38
127,11,Fourni_D,56,05-19-2024,182,6.18,1124.76
128,7,,98,2025-02-24,29,26.4,765.6
129,8,Fourni_C,84,14/09/2024,49,12.13,594.37
130,9,,51,12/09/2024,178,26.58,4731.24
131,8,Fourni_C,10,27 Jan 2025,90,37.75,3397.5
132,7,Fourni_B,32,31 May 2024,81,29.99,2429.19
133,10,Fourni_A,22,03-17-2025,184,31.16,5733.44
134,8,Fourni_A,57,26/11/2024,39,44.28,1726.92
135,5,Fourni_C,73,10/03/2025,23,33.87,779.01
136,12,Fourni_A,91,2025-04-12,174,38.7,6733.8
137,10,Fourni_D,82,2024-08-14,184,10.11,1860.24
138,7,Fourni_A,29,24 September 2024,105,10.73,1126.65
139,2,Fourni_B,51,2025-02-13,175,22.8,3990.0
140,10,Fourni_D,59,2024-11-08,29,35.21,1021.09
141,4,Fourni_B,42,02-19-2025,44,11.37,500.28
142,1,Fourni_A,4,2025-01-18,144,5.34,768.96
143,8,Fourni_C,59,30/08/2024,157,37.41,5873.37
144,2,Fourni_C,93,04/11/2024,184,10.61,1952.24
145,8,Fourni_B,43,03 Feb 2025,29,29.72,861.88
146,4,Fourni_A,57,01/04/2025,21,48.76,1023.96
147,8,Fourni_D,45,30 Oct 2024,66,35.33,2331.78
148,10,Fourni_B,63,03/03/2025,50,36.68,1834.0
149,10,Fourni_D,58,10-23-2024,25,34.34,858.5
150,1,Fourni_B,12,11 January 2025,68,26.92,1830.56
151,10,Fourni_D,27,14 May 2024,31,40.33,1250.23
152,7,,40,2024-10-14,97,26.06,2527.82
153,7,Fourni_A,20,08 June 2024,38,36.54,1388.52
154,1,Fourni_A,40,14 December 2024,126,29.56,3724.56
155,5,Fourni_A,66,02-01-2025,28,43.16,1208.48
156,12,Fourni_A,65,09 Jul 2024,141,35.41,4992.81
157,3,Fourni_B,17,16/12/2024,174,38.52,6702.48
158,9,Fourni_C,72,08-03-2024,130,33.13,4306.9
159,7,Fourni_D,22,19/08/2024,131,29.7,3890.7
160,6,Fourni_B,68,07 Jan 2025,175,47.76,8358.0
161,5,Fourni_B,25,02 November 2024,119,8.78,1044.82
162,10,Fourni_B,21,10-26-2024,142,30.1,4274.2
163,1,Fourni_B,95,21 Oct 2024,11,24.99,274.89
164,5,Fourni_C,6,15 Jun 2024,25,14.16,354.0
165,1,Fourni_C,92,2024-10-06,61,32.14,1960.54
166,6,Fourni_A,66,29 Apr 2024,155,46.4,7192.0
167,7,Fourni_C,90,19 April 2025,25,39.19,979.75
168,5,Fourni_A,86,31 July 2024,72,43.73,3148.56
169,12,Fourni_C,35,11-02-2024,26,36.37,945.62
170,8,Fourni_D,86,09-06-2024,47,48.49,2279.03
171,7,Fourni_D,57,18/08/2024,40,42.5,1700.0
172,11,Fourni_C,2,30 August 2024,81,22.3,1806.3
173,7,Fourni_D,17,21 Aug 2024,21,36.19,759.99
174,4,Fourni_A,6,31/10/2024,181,14.57,2637.17
175,4,Fourni_C,23,29 November 2024,97,38.1,3695.7
176,5,Fourni_B,81,01-31-2025,144,36.24,5218.56
177,6,Fourni_D,3,20 May 2024,169,27.84,4704.96
178,1,Fourni_B,54,07-20-2024,135,14.96,2019.6
179,2,Fourni_D,89,21 October 2024,183,38.07,6966.81
180,6,Fourni_A,79,2025-01-29,157,38.08,5978.56
181,8,Fourni_B,27,06-01-2024,66,40.52,2674.32
182,8,Fourni_A,95,06-03-2024,108,25.07,2707.56
183,9,Fourni_B,93,2024-10-26,160,8.86,1417.6
184,1,,63,24 February 2025,184,41.03,7549.52
185,5,Fourni_C,78,31/08/2024,166,5.86,972.76
186,7,Fourni_C,16,13 Aug 2024,104,20.85,2168.4
187,3,Fourni_C,11,21/02/2025,71,27.4,1945.4
188,3,Fourni_D,8,2024-06-21,193,18.77,3622.61
189,9,Fourni_A,12,07-12-2024,51,26.94,1373.94
190,6,,84,04-20-2025,99,13.17,1303.83
191,11,Fourni_C,38,16/09/2024,156,15.84,2471.04
192,5,Fourni_B,54,14/11/2024,175,,2591.75
193,12,Fourni_C,60,06 Jan 2025,182,43.6,7935.2
194,8,Fourni_A,64,22 September 2024,18,30.86,555.48
195,9,Fourni_B,5,2024-05-30,13,7.75,100.75
196,12,Fourni_B,78,11 Aug 2024,53,5.86,310.58
197,3,Fourni_D,49,03-07-2025,195,5.01,976.95
198,10,Fourni_D,37,19 November 2024,182,10.37,1887.34
199,11,Fourni_D,28,06 September 2024,97,30.79,2986.63
200,12,Fourni_B,18,14/05/2024,25,41.28,1032.0
201,9,Fourni_B,57,25/09/2024,80,44.34,3547.2
202,5,Fourni_A,84,2025-03-09,56,12.4,694.4
203,3,Fourni_A,65,15/04/2025,149,33.81,5037.69
204,6,Fourni_A,64,13/07/2024,14,27.44,384.16
205,7,Fourni_D,84,03/12/2024,113,12.61,1424.93
206,5,,20,2025-02-01,106,32.95,3492.7
207,12,Fourni_A,31,19/07/2024,76,26.69,2028.44
208,9,Fourni_B,70,08 July 2024,36,34.89,1256.04
209,7,Fourni_B,77,2024-11-30,172,13.54,2328.88
210,7,Fourni_B,4,04-26-2025,52,5.35,278.2
211,2,Fourni_B,57,2024-08-14,136,45.2,6147.2
212,8,Fourni_B,90,2025-03-24,79,38.98,3079.42
213,12,Fourni_A,17,25/09/2024,149,35.03,5219.47
214,2,Fourni_D,19,23 February 2025,71,36.74,2608.54
215,2,Fourni_C,84,09/10/2024,13,11.3,146.9
216,2,Fourni_A,78,02-03-2025,174,5.89,1024.86
217,8,Fourni_A,97,19 July 2024,15,27.68,415.2
218,7,Fourni_A,54,11-19-2024,91,15.29,1391.39
219,12,Fourni_D,91,06-18-2024,47,42.12,1979.64
220,5,,48,30 May 2024,42,25.82,1084.44
221,4,Fourni_B,97,14 March 2025,105,30.35,3186.75
222,9,Fourni_B,66,2025-01-07,66,39.11,2581.26
223,5,Fourni_B,37,01/03/2025,131,11.68,1530.08
224,12,Fourni_C,37,2025-01-16,44,9.82,432.08
225,4,Fourni_A,68,22/11/2024,124,45.68,5664.32
226,2,Fourni_C,60,2024-11-15,26,43.49,1130.74
227,12,Fourni_D,74,05/04/2025,172,25.87,4449.64
228,4,Fourni_A,99,2024-12-11,133,37.03,4924.99
229,5,Fourni_C,69,19 August 2024,52,32.65,1697.8
230,11,Fourni_C,18,15 February 2025,169,43.66,7378.54
231,2,Fourni_A,57,04-29-2025,46,46.69,2147.74
232,12,Fourni_C,11,2025-02-14,131,28.84,3778.04
233,12,Fourni_B,72,14 Aug 2024,195,34.85,6795.75
234,8,Fourni_D,59,01 November 2024,114,36.23,4130.22
235,12,Fourni_A,5,04/03/2025,88,8.24,725.12
236,4,Fourni_B,83,03-16-2025,152,22.74,3456.48
237,6,Fourni_C,38,26 May 2024,103,16.11,1659.33
238,8,Fourni_B,22,04-29-2025,56,31.79,1780.24
239,12,Fourni_C,95,15/04/2025,81,23.94,1939.14
240,6,Fourni_C,12,13/01/2025,61,24.98,1523.78
241,6,Fourni_C,54,10-06-2024,179,13.99,2504.21
242,1,Fourni_B,79,20 Sep 2024,132,43.15,5695.8
243,3,,81,19 June 2024,118,,4216.14
244,9,Fourni_B,49,06-21-2024,28,4.84,135.52
245,8,Fourni_C,40,09-19-2024,110,25.69,2825.9
246,9,Fourni_D,59,05 July 2024,157,38.11,5983.27
247,10,Fourni_B,45,2024-05-08,124,38.24,4741.76
248,4,Fourni_A,50,2024-05-18,52,36.17,1880.84
249,6,Fourni_D,2,2025-03-27,115,21.13,2429.95
250,12,Fourni_B,46,11 March 2025,68,43.89,2984.52
251,1,Fourni_A,28,2024-05-06,92,31.56,2903.52
252,8,Fourni_C,2,06-18-2024,128,21.56,2759.68
253,10,Fourni_B,25,30 July 2024,179,7.6,1360.4
254,6,Fourni_D,78,2024-07-21,162,5.35,866.7
255,10,Fourni_C,64,2025-01-27,33,29.81,983.73
256,9,Fourni_B,73,2025-04-04,100,33.08,3308.0
257,6,Fourni_C,30,13/02/2025,15,38.08,571.2
258,2,,16,01/02/2025,71,21.41,1520.11
259,3,Fourni_A,58,18/08/2024,179,37.17,6653.43
260,3,Fourni_D,15,2024-06-05,31,,460.35
261,11,Fourni_D,75,10 Dec 2024,189,36.56,6909.84
262,11,Fourni_B,67,29/10/2024,137,38.78,5312.86
263,11,Fourni_A,9,11/05/2024,92,37.24,3426.08
264,2,Fourni_C,16,19 Apr 2025,83,19.68,1633.44
265,10,Fourni_B,11,28 May 2024,54,30.37,1639.98
266,5,Fourni_B,52,14/06/2024,96,32.69,3138.24
267,10,Fourni_D,90,27 Feb 2025,158,42.05,6643.9
268,6,Fourni_A,9,19 Jan 2025,55,35.23,1937.65
269,12,Fourni_B,95,19 January 2025,28,24.44,684.32
270,7,,71,02 Jan 2025,147,39.61,5822.67
271,1,Fourni_C,51,04-02-2025,200,23.33,4666.0
272,9,Fourni_A,31,01 March 2025,183,23.61,4320.63
273,9,Fourni_C,54,12 August 2024,75,,1152.0
274,3,Fourni_D,23,24 Jan 2025,165,35.64,5880.6
275,5,,98,21 Jan 2025,123,30.96,3808.08
276,8,Fourni_A,68,31 July 2024,137,52.34,7170.58
277,12,Fourni_D,35,2025-02-23,189,36.71,6938.19
278,3,Fourni_B,31,17 Jul 2024,67,25.89,1734.63
279,1,Fourni_C,79,28/01/2025,50,40.24,2012.0
280,11,Fourni_C,70,2025-03-11,182,30.92,5627.44
281,3,Fourni_A,21,08-15-2024,21,32.7,686.7
282,5,Fourni_B,18,30 May 2024,53,45.12,2391.36
283,4,Fourni_A,88,09 Feb 2025,142,14.34,2036.28
284,12,Fourni_C,75,23/12/2024,104,43.41,4514.64
285,9,Fourni_A,91,12-01-2024,157,43.89,6890.73
286,6,Fourni_B,4,10-06-2024,109,4.93,537.37
287,8,Fourni_B,61,02-19-2025,177,33.39,5910.03
288,2,Fourni_C,28,20/05/2024,43,28.72,1234.96
289,11,Fourni_C,75,18 December 2024,134,43.99,5894.66
290,1,,72,2025-02-14,105,34.01,3571.05
291,5,Fourni_D,96,2024-09-02,144,21.47,3091.68
292,7,Fourni_B,5,08-24-2024,151,8.66,1307.66
293,11,Fourni_A,74,2025-01-01,164,26.09,4278.76
294,6,Fourni_D,49,28 July 2024,175,5.62,983.5
295,8,Fourni_A,86,2025-04-13,14,50.4,705.6
296,8,Fourni_B,43,2024-11-05,165,29.1,4801.5
297,12,Fourni_B,22,2024-05-27,131,28.41,3721.71
298,9,Fourni_A,11,2025-01-30,167,30.17,5038.39
299,9,Fourni_C,79,2025-01-11,177,41.53,7350.81
300,1,Fourni_B,75,19/11/2024,147,38.13,5605.11
301,7,Fourni_D,51,13 Jul 2024,115,24.95,2869.25
302,12,Fourni_A,13,05/10/2024,39,20.63,804.57
303,9,,19,15 May 2024,24,34.28,822.72
304,6,Fourni_B,56,12 Aug 2024,196,5.42,1062.32
305,3,Fourni_B,93,05-29-2024,42,10.34,434.28
306,4,Fourni_D,89,13 March 2025,200,44.57,8914.0
307,6,Fourni_B,26,2024-09-27,53,4.69,248.57
308,4,Fourni_C,26,12-07-2024,62,5.28,327.36
309,11,Fourni_A,33,11/04/2025,79,43.08,3403.32
310,6,Fourni_B,83,17 March 2025,83,22.69,1883.27
311,12,Fourni_C,29,05-12-2024,13,10.78,140.14
312,10,Fourni_A,80,19/03/2025,176,27.2,4787.2
313,10,Fourni_B,21,27 September 2024,96,31.56,3029.76
314,10,Fourni_A,57,2024-08-14,54,49.2,2656.8
315,11,Fourni_C,9,2025-02-21,115,34.09,3920.35
316,6,Fourni_A,85,09/10/2024,134,,2414.68
317,5,Fourni_D,70,10 Jul 2024,70,30.25,2117.5
318,8,Fourni_C,9,20 March 2025,181,31.68,5734.08
319,7,Fourni_C,17,08-28-2024,75,36.52,2739.0
320,7,Fourni_D,83,2024-11-10,156,23.45,3658.2
321,10,Fourni_B,12,03-07-2025,92,22.92,2108.64
322,11,Fourni_B,85,12/08/2024,32,14.82,474.24
323,2,Fourni_C,100,04 November 2024,100,4.84,484.0
324,3,Fourni_C,45,27 Sep 2024,124,36.4,4513.6
325,8,Fourni_B,94,16/07/2024,56,11.34,635.04
326,2,Fourni_A,87,24/11/2024,178,28.63,5096.14
327,6,Fourni_C,7,05/12/2024,200,7.01,1402.0
328,10,Fourni_A,96,31 Jan 2025,83,23.3,1933.9
329,5,Fourni_A,51,10 May 2024,38,24.79,942.02
330,8,Fourni_A,60,30/05/2024,125,40.66,5082.5
331,11,Fourni_D,76,14/06/2024,108,39.09,4221.72
332,8,Fourni_D,3,18 Dec 2024,60,28.1,1686.0
333,12,Fourni_C,36,2025-01-09,192,45.5,8736.0
334,10,Fourni_C,30,07-25-2024,83,37.29,3095.07
335,3,Fourni_A,75,04 Jan 2025,181,37.26,6744.06
336,9,Fourni_B,24,28 Oct 2024,99,15.55,1539.45
337,4,Fourni_C,45,2025-01-19,92,33.63,3093.96
338,10,Fourni_C,64,12/05/2024,80,28.35,2268.0
339,8,Fourni_B,46,20 Jun 2024,94,43.51,4089.94
340,11,Fourni_B,37,21 Oct 2024,189,11.86,2241.54
341,8,Fourni_C,48,06-28-2024,63,29.54,1861.02
342,5,Fourni_B,11,06-14-2024,143,30.66,4384.38
343,3,Fourni_A,26,20 May 2024,138,5.38,742.44
344,7,Fourni_A,16,26 Jan 2025,54,18.62,1005.48
345,10,,100,06 Aug 2024,36,5.1,183.6
346,4,Fourni_C,84,2025-04-04,100,11.64,1164.0
347,9,Fourni_C,25,2024-06-11,195,7.37,1437.15
348,4,Fourni_A,39,21/05/2024,100,36.35,3635.0
349,7,Fourni_B,7,12/09/2024,64,6.25,400.0
350,9,Fourni_D,36,20 October 2024,139,44.7,6213.3
351,4,Fourni_D,99,2024-09-29,66,42.44,2801.04
352,7,,43,15 Apr 2025,27,32.11,866.97
353,3,Fourni_B,34,07-15-2024,106,20.05,2125.3
354,6,Fourni_D,35,16/09/2024,92,38.43,3535.56
355,11,Fourni_C,75,2024-09-30,18,36.44,655.92
356,8,Fourni_C,59,12-27-2024,98,41.39,4056.22
357,2,Fourni_D,93,19/02/2025,75,10.52,789.0
358,7,Fourni_D,13,18 Mar 2025,147,24.55,3608.85
359,10,Fourni_D,6,09 Oct 2024,59,15.57,918.63
360,1,Fourni_C,48,04-03-2025,193,29.61,5714.73
361,7,Fourni_C,36,06 Feb 2025,169,47.46,8020.74
362,3,Fourni_B,13,12-06-2024,196,22.34,4378.64
363,12,Fourni_B,10,04-28-2025,173,35.64,6165.72
364,8,Fourni_C,12,2025-03-26,39,,954.72
365,6,Fourni_A,60,08/01/2025,164,37.01,6069.64
366,10,Fourni_A,68,14/06/2024,171,48.57,8305.47
367,1,Fourni_D,2,28 April 2025,37,21.06,779.22
368,2,Fourni_C,61,08-28-2024,87,35.11,3054.57
369,6,Fourni_C,32,2024-05-27,176,31.43,5531.68
370,5,Fourni_C,7,11-28-2024,74,6.23,461.02
371,3,Fourni_D,69,12 February 2025,183,32.83,6007.89
372,5,Fourni_C,7,01 May 2024,70,6.54,457.8
373,3,Fourni_C,41,05 March 2025,49,20.36,997.64
374,1,Fourni_C,34,05/08/2024,27,18.51,499.77
375,8,Fourni_C,8,21 December 2024,90,16.74,1506.6
376,9,Fourni_A,74,09-27-2024,33,23.06,760.98
377,11,Fourni_B,13,06 Jul 2024,65,21.54,1400.1
378,5,Fourni_C,8,25 August 2024,80,16.56,1324.8
379,12,Fourni_A,8,05-17-2024,186,18.27,3398.22
380,12,Fourni_B,23,2024-10-03,11,34.64,381.04
381,3,Fourni_C,53,04-28-2025,35,19.93,697.55
382,6,Fourni_D,66,2024-06-28,198,44.55,8820.9
383,4,Fourni_A,95,23 October 2024,49,26.51,1298.99
384,2,Fourni_D,48,16 May 2024,63,28.01,1764.63
385,10,Fourni_C,21,18 February 2025,83,32.31,2681.73
386,11,Fourni_D,45,25/05/2024,173,33.8,5847.4
387,7,Fourni_C,92,27 January 2025,36,35.24,1268.64
388,4,Fourni_A,19,13/10/2024,13,38.79,504.27
389,10,Fourni_B,74,07/12/2024,143,27.17,3885.31
390,7,Fourni_A,44,28 April 2025,34,35.81,1217.54
391,5,Fourni_C,60,03-21-2025,28,38.45,1076.6
392,4,Fourni_D,14,08/10/2024,80,12.52,1001.6
393,1,Fourni_B,18,27/10/2024,129,45.59,5881.11
394,6,Fourni_D,80,11 January 2025,79,28.51,2252.29
395,11,Fourni_A,85,15/05/2024,64,17.59,1125.76
396,6,Fourni_B,46,2024-09-05,80,41.55,3324.0
397,5,Fourni_B,45,25/08/2024,174,33.27,5788.98
398,12,Fourni_A,53,2025-02-18,22,19.42,427.24
399,5,Fourni_B,11,19 July 2024,79,,2356.57
400,12,Fourni_B,34,2025-01-31,162,18.17,2943.54
401,5,Fourni_D,16,2025-04-05,155,17.9,2774.5
402,1,Fourni_D,8,05/08/2024,62,18.98,1176.76
403,4,Fourni_B,39,26 Apr 2025,166,34.52,5730.32
404,8,Fourni_A,57,16 February 2025,120,43.67,5240.4
405,10,Fourni_B,42,17 Oct 2024,137,11.89,1628.93
406,9,Fourni_D,72,05 June 2024,126,31.15,3924.9
407,7,Fourni_B,9,07-11-2024,73,37.48,2736.04
408,12,Fourni_D,70,25 July 2024,113,35.3,3988.9
409,2,Fourni_B,24,2024-05-09,169,15.49,2617.81
410,7,Fourni_A,12,2024-06-12,102,24.8,2529.6
411,4,Fourni_B,4,2025-03-29,83,5.86,486.38
412,1,Fourni_C,22,05-04-2024,185,28.04,5187.4
413,5,Fourni_D,13,16 Aug 2024,195,21.44,4180.8
414,10,Fourni_A,96,11 June 2024,42,23.17,973.14
415,7,Fourni_C,92,19 October 2024,132,35.54,4691.28
416,1,Fourni_C,64,24 Mar 2025,46,,1437.04
417,11,Fourni_A,87,05 June 2024,104,28.79,2994.16
418,6,Fourni_A,5,01-02-2025,97,7.33,711.01
419,6,,84,01-26-2025,44,12.51,550.44
420,4,Fourni_B,93,07 Apr 2025,11,9.74,107.14
421,10,Fourni_A,22,05 Jan 2025,135,31.5,4252.5
422,9,,50,29/07/2024,98,36.11,3538.78
423,7,Fourni_A,10,29 Apr 2024,80,38.43,3074.4
424,5,Fourni_B,3,06-02-2024,175,28.0,4900.0
425,12,Fourni_D,24,04-03-2025,12,15.17,182.04
426,2,Fourni_A,89,16 January 2025,14,45.8,641.2
427,11,Fourni_B,66,01-30-2025,55,46.9,2579.5
428,8,Fourni_B,70,23 Sep 2024,113,34.04,3846.52
429,1,Fourni_D,61,13/11/2024,42,34.54,1450.68
430,10,Fourni_D,72,14 Jun 2024,180,32.69,5884.2
431,11,Fourni_A,94,07-16-2024,169,12.46,2105.74
432,12,Fourni_D,44,07/08/2024,117,32.9,3849.3
433,11,Fourni_A,52,2024-07-24,72,39.14,2818.08
434,1,Fourni_C,3,06-29-2024,60,30.1,1806.0
435,5,Fourni_B,52,2024-12-13,177,34.08,6032.16
436,1,Fourni_D,75,06 May 2024,84,43.37,3643.08
437,12,Fourni_D,49,2024-07-21,42,5.67,238.14
438,1,Fourni_D,28,20 September 2024,17,31.26,531.42
439,6,Fourni_C,36,05 Jun 2024,71,45.03,3197.13
440,12,Fourni_C,92,15 Aug 2024,151,35.06,5294.06
441,11,Fourni_B,77,2024-12-21,18,13.33,239.94
442,2,Fourni_A,23,26 March 2025,170,37.38,6354.6
443,4,Fourni_B,13,02/02/2025,119,21.91,2607.29
444,10,Fourni_C,92,2025-03-07,200,35.83,7166.0
445,1,Fourni_C,42,25 August 2024,164,11.29,1851.56
446,5,Fourni_C,22,09-30-2024,12,31.61,379.32
447,6,Fourni_B,95,10 February 2025,45,24.63,1108.35
448,10,Fourni_B,8,08/06/2024,53,17.02,902.06
449,11,,50,27 September 2024,161,40.02,6443.22
450,4,Fourni_B,53,08 Feb 2025,78,22.32,1740.96
451,5,Fourni_A,84,13/10/2024,194,12.93,2508.42
452,12,Fourni_D,6,03 Mar 2025,108,16.68,1801.44
453,8,Fourni_B,68,22 May 2024,163,47.39,7724.57
454,9,Fourni_A,97,2024-12-02,72,31.02,2233.44
455,8,,60,23 Jun 2024,184,42.23,7770.32
456,5,Fourni_B,52,09/03/2025,123,32.35,3979.05
457,10,Fourni_A,65,2024-12-19,40,,1507.2
458,1,Fourni_D,93,21 July 2024,14,10.4,145.6
459,10,Fourni_C,30,2024-10-07,25,35.62,890.5
460,9,Fourni_D,26,2024-06-02,48,5.65,271.2
461,1,Fourni_A,69,15 July 2024,17,30.33,515.61
462,12,Fourni_B,91,01-02-2025,186,39.79,7400.94
463,1,Fourni_C,49,28 Sep 2024,171,5.73,979.83
464,11,Fourni_B,84,04/07/2024,103,11.08,1141.24
465,4,Fourni_C,75,2025-03-06,138,42.01,5797.38
466,2,Fourni_A,2,09-22-2024,158,23.67,3739.86
467,8,Fourni_D,1,17/04/2025,62,47.52,2946.24
468,2,Fourni_A,25,03-31-2025,161,8.56,1378.16
469,7,Fourni_D,72,08/02/2025,81,29.93,2424.33
470,4,Fourni_B,82,11-10-2024,39,9.6,374.4
471,10,,17,05-13-2024,145,41.46,6011.7
472,8,Fourni_B,62,08/02/2025,63,45.01,2835.63
473,5,Fourni_A,15,14 April 2025,111,,1898.1
474,8,Fourni_C,72,11 Jun 2024,51,32.21,1642.71
475,9,Fourni_A,16,26/05/2024,105,18.5,1942.5
476,4,Fourni_D,87,30 June 2024,96,28.6,2745.6
477,5,Fourni_B,27,31 January 2025,125,44.4,5550.0
478,8,Fourni_C,58,2024-07-01,134,38.9,5212.6
479,9,Fourni_D,67,08/08/2024,66,37.39,2467.74
480,4,Fourni_A,20,01/02/2025,173,31.16,5390.68
481,12,Fourni_B,66,03-06-2025,188,43.87,8247.56
482,1,Fourni_D,8,27 December 2024,45,18.92,851.4
483,12,,58,2025-02-25,80,41.21,3296.8
484,12,Fourni_D,89,30/03/2025,152,44.9,6824.8
485,10,Fourni_D,8,20 December 2024,87,18.83,1638.21
486,10,Fourni_A,14,03/08/2024,87,11.34,986.58
487,11,Fourni_A,33,2024-12-31,17,,771.97
488,6,Fourni_D,98,06/09/2024,188,29.28,5504.64
489,10,Fourni_C,44,01 Oct 2024,146,30.86,4505.56
490,4,Fourni_C,24,13 October 2024,15,15.47,232.05
491,12,Fourni_B,12,25/05/2024,155,,3673.5
492,4,Fourni_D,90,06 Dec 2024,69,43.8,3022.2
493,3,Fourni_D,79,03-15-2025,89,40.39,3594.71
494,10,Fourni_A,77,08 May 2024,10,12.24,122.4
495,8,Fourni_B,26,05 May 2024,163,5.21,849.23
496,4,Fourni_D,33,27/05/2024,160,42.16,6745.6
497,1,Fourni_A,65,26/09/2024,60,36.84,2210.4
498,9,Fourni_D,57,2024-09-16,67,51.89,3476.63
499,1,Fourni_B,96,28 June 2024,175,,4210.5
500,4,Fourni_A,72,05/03/2025,61,29.63,1807.43
501,7,Fourni_D,31,29 Jul 2024,11,26.39,290.29
502,11,,82,10-06-2024,20,9.95,199.0
503,4,Fourni_C,54,08-30-2024,35,15.71,549.85
504,6,Fourni_B,44,12-13-2024,97,37.33,3621.01
505,6,Fourni_C,13,06/09/2024,123,21.46,2639.58
506,3,Fourni_D,50,10-29-2024,28,36.24,1014.72
507,12,Fourni_B,26,10 July 2024,100,4.66,466.0
508,6,Fourni_A,54,31/03/2025,87,14.46,1258.02
509,4,Fourni_A,75,11-08-2024,10,43.84,438.4
510,4,Fourni_C,63,20 Oct 2024,70,42.8,2996.0
511,4,Fourni_C,11,08 Feb 2025,156,26.6,4149.6
512,3,Fourni_A,74,20/06/2024,82,24.71,2026.22
513,3,Fourni_D,89,01/03/2025,70,42.65,2985.5
514,2,Fourni_C,65,19/10/2024,67,39.21,2627.07
515,7,Fourni_A,36,2024-07-20,94,46.37,4358.78
516,12,Fourni_B,73,06 May 2024,147,32.8,4821.6
517,9,,52,2025-01-13,95,37.58,3570.1
518,7,Fourni_B,90,17 September 2024,67,47.13,3157.71
519,2,Fourni_B,50,2024-07-02,13,36.49,474.37
520,11,Fourni_C,10,2024-05-21,14,38.76,542.64
521,7,Fourni_B,46,01 Dec 2024,21,39.54,830.34
522,7,Fourni_C,78,08-06-2024,181,5.33,964.73
523,12,Fourni_B,18,06/06/2024,185,45.41,8400.85
524,4,Fourni_C,59,02 Apr 2025,196,42.47,8324.12
525,8,Fourni_A,66,03-08-2025,81,39.5,3199.5
526,5,Fourni_B,77,26 Apr 2025,161,11.96,1925.56
527,7,Fourni_B,65,2025-04-09,67,38.5,2579.5
528,2,Fourni_B,61,02-05-2025,65,36.26,2356.9
529,9,Fourni_A,14,20 February 2025,62,13.19,817.78
530,8,Fourni_B,81,2024-08-10,196,35.41,6940.36
531,11,Fourni_A,33,24 April 2025,168,43.0,7224.0
532,3,Fourni_A,15,2024-07-27,29,15.55,450.95
533,4,,44,25 August 2024,117,34.63,4051.71
534,1,Fourni_A,85,27/01/2025,181,16.35,2959.35
535,10,Fourni_A,34,28/01/2025,96,20.83,1999.68
536,1,Fourni_C,32,03/06/2024,148,30.3,4484.4
537,4,Fourni_A,76,16 July 2024,72,34.34,2472.48
538,3,Fourni_C,30,05-06-2024,190,36.65,6963.5
539,1,Fourni_A,77,2024-06-21,111,14.2,1576.2
540,10,Fourni_D,90,01 May 2024,160,38.9,6224.0
541,7,,5,2024-05-26,141,7.38,1040.58
542,5,Fourni_D,63,20/05/2024,147,38.57,5669.79
543,4,Fourni_B,7,16 July 2024,99,6.58,651.42
544,10,Fourni_A,63,2024-12-14,167,42.46,7090.82
545,12,Fourni_D,16,16/10/2024,182,21.44,3902.08
546,5,Fourni_A,84,15/04/2025,23,,294.63
547,7,Fourni_A,10,08/04/2025,74,39.22,2902.28
548,11,Fourni_C,44,30 October 2024,12,31.17,374.04
549,8,Fourni_B,8,12-31-2024,125,17.27,2158.75
550,7,Fourni_D,16,2024-09-20,159,19.09,3035.31
551,9,Fourni_A,22,2025-03-04,105,32.5,3412.5
552,2,Fourni_B,72,14 May 2024,176,31.0,5456.0
553,4,Fourni_C,81,2024-12-20,95,35.7,3391.5
554,10,Fourni_C,38,26 Apr 2025,119,15.84,1884.96
555,2,Fourni_A,100,01-22-2025,142,4.8,681.6
556,9,,86,04-24-2025,148,47.39,7013.72
557,10,Fourni_C,60,09 April 2025,144,42.98,6189.12
558,12,Fourni_C,89,04 June 2024,68,44.56,3030.08
559,11,Fourni_A,48,2025-04-20,192,27.04,5191.68
560,10,Fourni_C,97,30 Mar 2025,86,29.1,2502.6
561,3,Fourni_C,46,2024-12-30,40,40.09,1603.6
562,11,Fourni_D,43,05-11-2024,14,33.33,466.62
563,2,Fourni_A,76,2024-06-09,30,37.33,1119.9
564,11,Fourni_C,90,2024-07-25,108,41.2,4449.6
565,5,Fourni_C,43,12 November 2024,14,33.53,469.42
566,2,Fourni_C,100,2024-08-26,26,4.88,126.88
567,6,Fourni_A,66,30 Jul 2024,24,42.15,1011.6
568,3,Fourni_A,31,05 April 2025,194,26.74,5187.56
569,1,Fourni_B,69,30 Apr 2024,144,32.13,4626.72
570,10,Fourni_B,58,15 May 2024,64,40.29,2578.56
571,11,Fourni_A,1,17/04/2025,169,41.83,7069.27
572,5,Fourni_A,75,10-05-2024,119,39.45,4694.55
573,4,Fourni_B,45,03-09-2025,159,37.09,5897.31
574,8,Fourni_B,50,12 Dec 2024,128,38.51,4929.28
575,9,Fourni_B,65,04/09/2024,64,35.33,2261.12
576,6,Fourni_A,100,2025-01-27,98,4.93,483.14
577,2,Fourni_C,57,2024-06-27,75,49.43,3707.25
578,8,Fourni_D,100,02-03-2025,94,5.43,510.42
579,10,,28,05 March 2025,108,33.7,3639.6
580,12,,41,12-16-2024,72,23.53,1694.16
581,6,Fourni_C,15,11 July 2024,199,15.64,3112.36
582,11,Fourni_D,39,2024-12-05,199,33.85,6736.15
583,3,Fourni_A,37,08/12/2024,98,10.51,1029.98
584,12,Fourni_B,14,18 January 2025,142,11.66,1655.72
585,7,Fourni_D,63,2025-03-30,18,43.09,775.62
586,6,Fourni_A,68,27 Nov 2024,156,43.71,6818.76
587,11,Fourni_A,76,13 February 2025,193,35.51,6853.43
588,5,Fourni_D,33,2025-03-17,197,43.72,8612.84
589,5,Fourni_D,10,07/06/2024,196,37.26,7302.96
590,7,Fourni_D,65,2024-10-27,105,35.15,3690.75
591,1,Fourni_D,100,10-11-2024,22,4.7,103.4
592,1,,96,19/06/2024,132,21.15,2791.8
593,1,Fourni_A,14,25 August 2024,29,11.34,328.86
594,7,Fourni_D,1,01-31-2025,134,46.07,6173.38
595,11,Fourni_A,40,13/04/2025,17,27.47,466.99
596,5,Fourni_D,5,20/05/2024,46,8.29,381.34
597,5,Fourni_A,25,15 February 2025,164,7.86,1289.04
598,7,Fourni_A,72,05/02/2025,168,33.75,5670.0
599,1,Fourni_B,94,18 Aug 2024,174,10.99,1912.26
600,8,Fourni_A,9,05-06-2024,63,31.62,1992.06
601,11,Fourni_D,60,09-22-2024,38,37.11,1410.18
602,6,Fourni_B,15,30 Mar 2025,153,14.56,2227.68
603,4,Fourni_C,51,2024-08-11,80,22.85,1828.0
604,5,Fourni_C,38,11-06-2024,114,13.78,1570.92
605,3,Fourni_C,72,2024-10-20,56,33.15,1856.4
606,1,Fourni_B,75,10 Jan 2025,54,39.38,2126.52
607,10,Fourni_A,90,18 May 2024,109,42.44,4625.96
608,11,Fourni_B,58,12-17-2024,85,37.59,3195.15
609,2,Fourni_D,85,11-16-2024,180,17.78,3200.4
610,11,,21,08 May 2024,145,35.39,5131.55
611,9,Fourni_B,94,10-07-2024,165,10.93,1803.45
612,2,Fourni_A,86,09-16-2024,163,47.26,7703.38
613,11,Fourni_D,13,21 February 2025,93,21.18,1969.74
614,3,Fourni_C,79,03 April 2025,139,39.64,5509.96
615,7,Fourni_B,25,22 August 2024,197,8.4,1654.8
616,6,Fourni_B,48,03-07-2025,94,29.0,2726.0
617,1,Fourni_B,64,19 May 2024,100,31.19,3119.0
618,9,Fourni_B,73,03-01-2025,15,32.69,490.35
619,1,Fourni_D,86,06 November 2024,109,45.44,4952.96
620,3,Fourni_A,41,13/11/2024,119,23.52,2798.88
621,9,,64,14 Jul 2024,77,28.01,2156.77
622,11,Fourni_C,70,14/04/2025,100,30.48,3048.0
623,1,Fourni_A,39,04-22-2025,178,35.7,6354.6
624,6,Fourni_D,61,15 March 2025,83,35.29,2929.07
625,12,Fourni_A,21,13 Dec 2024,167,31.95,5335.65
626,3,Fourni_A,39,11 November 2024,149,35.29,5258.21
627,6,Fourni_C,29,2024-05-07,49,11.39,558.11
628,1,Fourni_B,97,2024-12-06,68,29.44,2001.92
629,1,Fourni_D,30,23/08/2024,57,37.38,2130.66
630,9,Fourni_D,32,2024-05-20,68,30.23,2055.64
631,9,Fourni_B,85,2024-09-29,145,16.92,2453.4
632,5,Fourni_A,65,02 Jul 2024,50,34.02,1701.0
633,1,Fourni_A,40,2024-05-08,152,27.54,4186.08
634,12,Fourni_C,90,06-07-2024,198,42.77,8468.46
635,4,,89,22/12/2024,147,42.14,6194.58
636,2,Fourni_D,79,15/01/2025,191,37.36,7135.76
637,12,,47,06-05-2024,186,,4071.54
638,2,Fourni_C,86,29 April 2025,145,46.8,6786.0
639,5,Fourni_B,55,2024-10-31,176,24.33,4282.08
640,2,Fourni_A,63,12-09-2024,54,42.43,2291.22
641,2,Fourni_A,28,15 April 2025,157,31.32,4917.24
642,9,Fourni_B,21,06/02/2025,126,35.71,4499.46
643,11,Fourni_B,72,12 Jul 2024,60,30.5,1830.0
644,4,Fourni_C,41,08 April 2025,131,20.76,2719.56
645,1,Fourni_B,98,16 June 2024,79,30.74,2428.46
646,5,Fourni_D,71,2024-11-19,127,32.89,4177.03
647,7,Fourni_B,64,18/04/2025,101,29.48,2977.48
648,2,Fourni_A,99,05-22-2024,93,37.04,3444.72
649,2,Fourni_C,30,19 June 2024,89,,3394.46
650,2,Fourni_C,5,01-27-2025,136,8.01,1089.36
651,2,Fourni_A,62,02-03-2025,88,45.82,4032.16
652,8,Fourni_C,37,27 November 2024,79,11.09,876.11
653,3,Fourni_A,87,14 February 2025,16,29.88,478.08
654,12,Fourni_C,14,2024-09-26,118,12.19,1438.42
655,12,Fourni_D,48,05-08-2024,38,29.68,1127.84
656,3,Fourni_A,45,07/12/2024,183,33.92,6207.36
657,5,Fourni_A,15,2025-02-13,45,14.44,649.8
658,8,Fourni_D,95,06-28-2024,172,27.58,4743.76
659,4,Fourni_D,32,22 Feb 2025,80,30.11,2408.8
660,1,Fourni_C,17,08-02-2024,61,35.59,2170.99
661,5,Fourni_A,9,10-07-2024,174,36.89,6418.86
662,9,Fourni_B,6,02-23-2025,45,16.09,724.05
663,5,Fourni_B,98,26/05/2024,145,29.89,4334.05
664,2,,78,13 Jun 2024,15,6.1,91.5
665,12,Fourni_A,52,22 Sep 2024,52,35.05,1822.6
666,3,Fourni_D,51,19 Feb 2025,42,23.38,981.96
667,12,Fourni_C,35,08 Feb 2025,89,35.67,3174.63
668,4,Fourni_D,79,10 Mar 2025,76,40.52,3079.52
669,8,Fourni_B,55,02 January 2025,97,23.19,2249.43
670,4,Fourni_A,23,29 June 2024,101,37.34,3771.34
671,9,Fourni_D,85,30 January 2025,197,15.82,3116.54
672,10,Fourni_A,52,12 Nov 2024,177,32.61,5771.97
673,4,Fourni_B,99,31/12/2024,127,38.77,4923.79
674,12,Fourni_C,29,05 Oct 2024,76,10.88,826.88
675,1,Fourni_D,62,10-03-2024,113,50.58,5715.54
676,11,Fourni_B,38,2024-06-11,16,16.48,263.68
677,2,,20,21/04/2025,85,33.06,2810.1
678,10,Fourni_C,87,2024-09-29,46,29.7,1366.2
679,8,Fourni_B,67,2024-10-14,71,38.78,2753.38
680,7,Fourni_B,97,09-16-2024,27,29.85,805.95
681,12,Fourni_D,25,14 June 2024,53,7.64,404.92
682,5,Fourni_C,60,23/11/2024,104,37.59,3909.36
683,6,Fourni_A,23,07/03/2025,112,,4164.16
684,10,Fourni_A,62,23/05/2024,175,52.18,9131.5
685,3,Fourni_B,93,16 Jun 2024,183,9.49,1736.67
686,12,Fourni_C,30,24 Feb 2025,24,39.32,943.68
687,12,Fourni_B,28,2025-01-17,18,35.04,630.72
688,12,,1,25/04/2025,173,39.97,6914.81
689,5,Fourni_D,38,2024-12-09,86,15.15,1302.9
690,9,Fourni_A,92,22 May 2024,154,,5306.84
691,8,Fourni_B,69,22 Aug 2024,171,31.68,5417.28
692,12,Fourni_C,92,25 November 2024,145,33.16,4808.2
693,2,Fourni_A,60,2024-07-30,152,42.72,6493.44
694,4,Fourni_D,6,25 December 2024,83,14.75,1224.25
695,3,Fourni_D,72,07-11-2024,52,35.5,1846.0
696,3,Fourni_D,77,24 Apr 2025,59,12.13,715.67
697,1,Fourni_B,96,09-17-2024,94,22.35,2100.9
698,10,Fourni_D,70,26 January 2025,115,34.87,4010.05
699,11,Fourni_A,63,27 Mar 2025,170,39.44,6704.8
700,9,Fourni_B,11,27/03/2025,185,25.96,4802.6
701,1,Fourni_D,46,10-31-2024,71,45.42,3224.82
702,4,Fourni_D,9,10 February 2025,149,32.21,4799.29
703,1,Fourni_C,13,2025-02-01,84,24.59,2065.56
704,4,Fourni_D,9,03-09-2025,169,36.13,6105.97
705,7,Fourni_B,1,2024-06-12,193,44.09,8509.37
706,4,Fourni_C,58,08/06/2024,171,40.45,6916.95
707,10,,56,05 Sep 2024,93,5.86,544.98
708,6,Fourni_D,46,25 January 2025,30,43.48,1304.4
709,9,Fourni_A,28,16 May 2024,52,32.81,1706.12
710,4,Fourni_B,84,2025-02-23,23,11.16,256.68
711,11,,57,2024-05-25,165,46.28,7636.2
712,1,Fourni_B,9,03 Jun 2024,75,35.67,2675.25
713,9,Fourni_D,76,2025-01-27,118,36.58,4316.44
714,4,Fourni_A,75,07-01-2024,115,41.6,4784.0
715,6,Fourni_A,27,19 December 2024,13,38.19,496.47
716,2,Fourni_D,65,2024-10-01,56,33.04,1850.24
717,8,Fourni_D,65,2024-10-14,14,36.52,511.28
718,7,Fourni_D,14,05 August 2024,122,12.74,1554.28
719,1,Fourni_D,88,14 March 2025,52,14.52,755.04
720,3,Fourni_D,64,2024-11-01,46,30.58,1406.68
721,3,Fourni_B,36,2024-06-08,120,49.04,5884.8
722,8,Fourni_B,8,2024-09-23,122,17.2,2098.4
723,3,Fourni_D,26,10-06-2024,87,4.78,415.86
724,12,Fourni_B,16,2024-08-04,113,19.72,2228.36
725,4,,57,08-03-2024,111,48.85,5422.35
726,11,Fourni_C,45,16 November 2024,93,34.88,3243.84
727,10,Fourni_B,64,13 Oct 2024,199,30.76,6121.24
728,7,Fourni_A,74,27 June 2024,71,27.29,1937.59
729,11,Fourni_B,76,29 Jun 2024,58,33.95,1969.1
730,1,Fourni_B,43,30 June 2024,117,33.3,3896.1
731,5,Fourni_D,68,18/07/2024,24,49.44,1186.56
732,10,Fourni_B,74,21/01/2025,70,24.55,1718.5
733,6,Fourni_A,16,21 May 2024,128,19.57,2504.96
734,3,Fourni_B,63,18 July 2024,106,38.99,4132.94
735,11,Fourni_C,70,2025-01-24,42,34.25,1438.5
736,6,Fourni_B,84,2025-01-17,118,11.0,1298.0
737,12,Fourni_C,81,11-27-2024,96,36.43,3497.28
738,11,,18,04-04-2025,125,46.27,5783.75
739,8,Fourni_A,87,21 Sep 2024,119,28.01,3333.19
740,9,Fourni_D,8,2025-01-07,182,18.92,3443.44
741,3,Fourni_C,69,09 January 2025,175,33.28,5824.0
742,1,Fourni_B,69,03-27-2025,153,31.27,4784.31
743,5,Fourni_B,7,26 Jan 2025,35,6.96,243.6
744,10,Fourni_B,88,22 October 2024,135,13.71,1850.85
745,4,Fourni_B,2,02-24-2025,144,21.65,3117.6
746,8,Fourni_A,99,2024-10-01,28,43.64,1221.92
747,10,Fourni_B,59,18 April 2025,150,41.21,6181.5
748,4,Fourni_B,26,23 Jan 2025,97,5.33,517.01
749,6,Fourni_A,88,18/01/2025,71,12.83,910.93
750,6,Fourni_D,23,11 Nov 2024,128,37.4,4787.2
751,7,Fourni_B,29,23/10/2024,191,12.63,2412.33
752,6,Fourni_C,74,13 December 2024,170,,4375.8
753,12,Fourni_C,64,07-19-2024,180,31.7,5706.0
754,9,Fourni_C,85,13/10/2024,121,17.56,2124.76
755,3,Fourni_A,58,03-14-2025,96,35.98,3454.08
756,1,Fourni_C,30,24 Jul 2024,116,37.91,4397.56
757,5,Fourni_C,73,12 May 2024,140,31.02,4342.8
758,1,Fourni_D,69,2025-02-19,66,29.6,1953.6
759,9,Fourni_A,61,22/10/2024,27,36.73,991.71
760,9,Fourni_B,74,22/12/2024,76,26.41,2007.16
761,10,Fourni_C,68,10-11-2024,189,46.95,8873.55
762,5,Fourni_B,20,2024-08-14,15,33.27,499.05
763,9,Fourni_D,44,22 Apr 2025,165,35.92,5926.8
764,9,Fourni_D,19,2024-08-07,63,33.3,2097.9
765,9,Fourni_C,9,01-26-2025,14,32.65,457.1
766,4,Fourni_B,58,22 November 2024,120,34.55,4146.0
767,2,Fourni_A,47,19 Sep 2024,24,23.15,555.6
768,2,Fourni_A,67,09-09-2024,91,33.22,3023.02
769,10,Fourni_C,25,21 May 2024,11,8.59,94.49
770,8,Fourni_B,59,06 Feb 2025,33,36.53,1205.49
771,10,Fourni_D,14,06 Jun 2024,159,13.57,2157.63
772,10,Fourni_C,77,08/07/2024,51,13.07,666.57
773,11,Fourni_C,65,19 Sep 2024,96,34.77,3337.92
774,11,,91,27 May 2024,111,42.18,4681.98
775,8,Fourni_D,89,2025-03-17,168,44.05,7400.4
776,4,Fourni_C,38,2024-06-08,156,14.72,2296.32
777,12,Fourni_D,61,08/04/2025,72,37.72,2715.84
778,9,,16,2025-02-22,57,20.44,1165.08
779,11,Fourni_A,86,2024-11-18,186,44.18,8217.48
780,6,Fourni_B,95,04 May 2024,98,23.22,2275.56
781,6,Fourni_C,60,19/03/2025,27,,1170.18
782,9,Fourni_C,26,17 March 2025,40,4.68,187.2
783,7,Fourni_A,43,03/09/2024,109,33.55,3656.95
784,9,,50,11-02-2024,48,42.29,2029.92
785,12,Fourni_C,50,01-18-2025,156,36.14,5637.84
786,3,Fourni_D,97,19 March 2025,162,27.88,4516.56
787,6,Fourni_C,41,30/03/2025,75,22.92,1719.0
788,6,Fourni_B,82,06 October 2024,22,9.85,216.7
789,4,Fourni_C,69,30/11/2024,194,30.61,5938.34
790,4,Fourni_D,83,07 February 2025,183,24.92,4560.36
791,1,Fourni_A,57,17/03/2025,129,47.71,6154.59
792,10,Fourni_C,75,01 Apr 2025,184,38.93,7163.12
793,12,Fourni_C,34,09-06-2024,167,20.4,3406.8
794,9,Fourni_B,27,11 Oct 2024,169,40.75,6886.75
795,10,Fourni_D,78,08/07/2024,186,5.93,1102.98
796,3,Fourni_A,50,21/08/2024,104,40.77,4240.08
797,3,Fourni_C,27,06 November 2024,136,43.94,5975.84
798,11,Fourni_A,35,12 Aug 2024,53,42.67,2261.51
799,10,Fourni_A,23,2024-05-23,32,38.86,1243.52
800,6,Fourni_D,66,29/11/2024,51,41.99,2141.49
801,10,Fourni_B,90,10 Feb 2025,173,43.16,7466.68
802,3,Fourni_A,22,24/09/2024,174,32.08,5581.92
803,11,Fourni_D,87,06-18-2024,41,27.89,1143.49
804,11,,61,09 July 2024,174,33.28,5790.72
805,4,Fourni_B,94,2025-01-31,119,11.69,1391.11
806,7,Fourni_C,39,30/06/2024,143,36.11,5163.73
807,8,Fourni_C,74,2024-05-12,198,26.48,5243.04
808,6,Fourni_A,7,09/06/2024,141,7.09,999.69
809,4,Fourni_D,50,13 Nov 2024,166,43.86,7280.76
810,1,Fourni_A,100,04 October 2024,67,5.12,343.04
811,12,Fourni_A,92,07-27-2024,160,33.37,5339.2
812,10,Fourni_A,78,27/09/2024,119,5.9,702.1
813,9,Fourni_D,48,14 May 2024,74,28.17,2084.58
814,6,Fourni_C,2,23 November 2024,94,23.24,2184.56
815,10,Fourni_B,86,12-09-2024,199,50.51,10051.49
816,5,Fourni_C,49,2024-10-10,73,5.57,406.61
817,2,Fourni_D,74,2024-06-09,75,24.37,1827.75
818,12,Fourni_A,58,2024-09-08,50,34.78,1739.0
819,10,Fourni_C,56,13/12/2024,78,6.24,486.72
820,2,Fourni_C,26,16/07/2024,63,5.54,349.02
821,7,Fourni_A,60,09 September 2024,184,43.62,8026.08
822,9,Fourni_D,40,2024-06-10,177,27.53,4872.81
823,9,Fourni_C,87,18 March 2025,82,28.29,2319.78
824,3,Fourni_C,10,2024-06-02,108,36.52,3944.16
825,4,Fourni_B,96,02-16-2025,37,22.99,850.63
826,9,Fourni_B,64,2024-10-22,183,29.14,5332.62
827,9,Fourni_D,22,05 Jul 2024,77,,2537.15
828,1,Fourni_B,28,02-16-2025,151,,4874.28
829,3,Fourni_A,97,2024-09-07,96,31.81,3053.76
830,11,Fourni_B,60,11 Feb 2025,65,36.48,2371.2
831,6,Fourni_A,53,19 Feb 2025,18,19.87,357.66
832,3,Fourni_C,58,23/08/2024,109,35.64,3884.76
833,6,Fourni_C,64,2024-11-02,37,28.42,1051.54
834,6,Fourni_B,97,06 Aug 2024,102,32.3,3294.6
835,8,,50,04-03-2025,108,36.72,3965.76
836,10,,17,2025-01-20,110,34.4,3784.0
837,4,Fourni_B,21,2024-06-23,96,34.67,3328.32
838,5,Fourni_A,54,29 May 2024,130,14.39,1870.7
839,4,Fourni_C,33,08/09/2024,102,44.86,4575.72
840,3,Fourni_D,31,22 March 2025,153,25.19,3854.07
841,6,Fourni_C,32,2024-08-27,140,32.66,4572.4
842,1,Fourni_C,91,08-10-2024,119,40.35,4801.65
843,2,Fourni_B,18,11-02-2024,155,40.12,6218.6
844,12,Fourni_B,3,03-15-2025,153,28.76,4400.28
845,5,Fourni_B,75,19/08/2024,47,38.89,1827.83
846,6,Fourni_D,34,08-14-2024,65,20.84,1354.6
847,12,Fourni_C,17,06 May 2024,50,36.26,1813.0
848,11,Fourni_C,63,09 March 2025,56,35.88,2009.28
849,9,Fourni_A,83,19/02/2025,64,25.76,1648.64
850,8,Fourni_D,27,27 Apr 2025,60,38.89,2333.4
851,4,Fourni_C,15,2025-03-31,139,14.75,2050.25
852,6,Fourni_C,13,11 August 2024,38,21.05,799.9
853,12,Fourni_C,67,29/11/2024,199,36.79,7321.21
854,1,Fourni_D,45,04 Dec 2024,175,35.49,6210.75
855,3,Fourni_A,71,19 Jan 2025,160,38.18,6108.8
856,12,Fourni_A,59,08/10/2024,161,37.17,5984.37
857,4,,8,03-12-2025,150,16.84,2526.0
858,8,Fourni_A,99,05/11/2024,178,38.68,6885.04
859,6,Fourni_D,77,04-21-2025,23,14.02,322.46
860,11,Fourni_C,82,12 March 2025,145,10.63,1541.35
861,12,Fourni_C,47,07-22-2024,136,20.75,2822.0
862,10,Fourni_C,38,22/10/2024,120,14.85,1782.0
863,6,Fourni_D,22,09-19-2024,118,30.68,3620.24
864,9,Fourni_A,45,2024-05-11,19,33.12,629.28
865,2,Fourni_A,2,08/04/2025,160,22.77,3643.2
866,8,Fourni_A,47,2024-07-11,60,24.85,1491.0
867,8,Fourni_D,62,06 January 2025,159,51.9,8252.1
868,1,,50,06/12/2024,118,39.92,4710.56
869,5,Fourni_D,74,10/12/2024,15,25.19,377.85
870,4,Fourni_C,61,09-29-2024,18,34.68,624.24
871,5,Fourni_D,78,16 June 2024,137,6.15,842.55
872,11,Fourni_A,22,2024-09-10,174,29.37,5110.38
873,3,Fourni_A,27,2024-10-30,92,37.79,3476.68
874,9,Fourni_D,39,28/09/2024,142,37.4,5310.8
875,4,Fourni_B,39,03/06/2024,175,37.35,6536.25
876,11,Fourni_B,33,14 June 2024,86,39.7,3414.2
877,6,Fourni_C,50,27/04/2025,188,38.73,7281.24
878,3,Fourni_C,35,01 October 2024,69,39.9,2753.1
879,10,Fourni_D,85,26 Aug 2024,33,18.04,595.32
880,11,Fourni_D,78,04 Oct 2024,71,6.08,431.68
881,12,Fourni_C,38,2025-01-03,122,14.78,1803.16
882,7,Fourni_D,11,21 April 2025,110,29.25,3217.5
883,9,Fourni_B,42,2024-09-13,28,11.48,321.44
884,9,Fourni_B,9,01-14-2025,78,36.01,2808.78
885,4,,80,05-10-2024,50,26.01,1300.5
886,5,Fourni_C,87,2024-06-28,130,28.71,3732.3
887,10,Fourni_C,63,21/09/2024,119,42.57,5065.83
888,10,Fourni_A,16,01 May 2024,177,20.06,3550.62
889,12,Fourni_B,57,07-31-2024,71,48.42,3437.82
890,3,Fourni_A,92,23/11/2024,49,36.35,1781.15
891,5,Fourni_B,74,01 Oct 2024,16,23.2,371.2
892,4,Fourni_A,83,06-28-2024,86,22.1,1900.6
893,4,Fourni_B,89,25 August 2024,103,38.38,3953.14
894,6,,13,06-18-2024,72,24.08,1733.76
895,7,Fourni_D,46,07-31-2024,77,44.29,3410.33
896,10,Fourni_D,45,2024-06-12,197,37.58,7403.26
897,3,Fourni_A,91,12-01-2024,48,43.58,2091.84
898,12,Fourni_B,51,24/02/2025,88,26.16,2302.08
899,8,Fourni_D,17,15/07/2024,155,41.56,6441.8
900,2,Fourni_C,30,21 Jul 2024,22,39.73,874.06
901,10,Fourni_D,37,02 Mar 2025,94,10.32,970.08
902,5,Fourni_B,25,01 September 2024,85,7.32,622.2
903,1,Fourni_D,5,10-06-2024,178,8.41,1496.98
904,10,Fourni_A,9,12/05/2024,184,37.08,6822.72
905,5,Fourni_C,96,04-24-2025,102,22.39,2283.78
906,1,Fourni_A,20,2025-03-09,109,31.09,3388.81
907,11,Fourni_B,50,04 July 2024,13,37.83,491.79
908,1,Fourni_C,43,10/03/2025,129,,3739.71
909,8,Fourni_C,64,08 May 2024,141,28.29,3988.89
910,8,Fourni_A,44,2024-05-13,139,36.31,5047.09
911,1,Fourni_B,19,11-19-2024,78,35.46,2765.88
912,9,Fourni_C,89,04-02-2025,14,45.11,631.54
913,9,Fourni_D,75,10-12-2024,77,42.33,3259.41
914,1,Fourni_D,33,22 Sep 2024,49,42.17,2066.33
915,11,Fourni_D,6,01 June 2024,114,14.51,1654.14
916,2,Fourni_D,64,11-24-2024,190,30.6,5814.0
917,11,Fourni_C,14,25 April 2025,41,,542.43
918,12,Fourni_D,22,07 Aug 2024,93,30.98,2881.14
919,11,Fourni_A,43,19 Nov 2024,36,28.56,1028.16
920,11,Fourni_A,73,08-16-2024,193,31.18,6017.74
921,11,Fourni_B,63,05/01/2025,35,,1361.85
922,10,Fourni_A,96,18/05/2024,11,,243.76
923,4,Fourni_C,18,22 Jul 2024,104,42.96,4467.84
924,11,,24,03 May 2024,82,14.54,1192.28
925,7,Fourni_B,43,12-20-2024,65,33.85,2200.25
926,1,Fourni_B,35,26 January 2025,110,35.47,3901.7
927,5,Fourni_A,36,22 Nov 2024,46,49.03,2255.38
928,8,Fourni_D,63,23/09/2024,88,37.99,3343.12
929,9,Fourni_A,79,22/03/2025,135,43.93,5930.55
930,3,Fourni_B,71,06 April 2025,163,34.37,5602.31
931,8,Fourni_B,65,22 November 2024,160,,5640.0
932,7,Fourni_C,71,2025-03-12,146,35.6,5197.6
933,6,Fourni_B,17,09 March 2025,55,36.84,2026.2
934,7,Fourni_D,96,22/09/2024,197,21.28,4192.16
935,1,Fourni_C,10,28 December 2024,121,39.83,4819.43
936,11,Fourni_D,13,08 Oct 2024,146,24.22,3536.12
937,11,Fourni_D,63,2024-05-05,94,42.71,4014.74
938,2,Fourni_B,88,22 Nov 2024,119,13.67,1626.73
939,5,Fourni_B,84,03 Mar 2025,65,12.86,835.9
940,12,Fourni_B,90,06-07-2024,45,39.43,1774.35
941,4,Fourni_D,41,11-29-2024,106,22.21,2354.26
942,5,Fourni_A,20,2024-05-11,96,33.3,3196.8
943,8,Fourni_C,4,04-27-2025,65,5.28,343.2
944,4,Fourni_A,47,17/10/2024,181,23.33,4222.73
945,11,Fourni_A,86,06-02-2024,125,51.81,6476.25
946,3,Fourni_A,29,08 October 2024,156,10.59,1652.04
947,8,Fourni_C,8,2024-08-24,142,16.68,2368.56
948,3,Fourni_C,55,2024-05-02,106,24.08,2552.48
949,2,Fourni_C,55,01 April 2025,181,25.05,4534.05
950,2,Fourni_D,42,2024-07-22,192,10.61,2037.12
951,1,Fourni_B,43,12/03/2025,42,31.13,1307.46
952,8,Fourni_D,66,22 Dec 2024,41,,1786.37
953,12,Fourni_C,56,06-25-2024,113,5.65,638.45
954,7,Fourni_A,6,05 Aug 2024,171,14.56,2489.76
955,9,Fourni_D,18,05-17-2024,162,39.98,6476.76
956,2,Fourni_C,24,2024-05-11,114,14.67,1672.38
957,5,Fourni_C,50,2024-05-20,82,39.71,3256.22
958,12,Fourni_B,87,12/09/2024,19,28.73,545.87
959,9,Fourni_B,60,08 June 2024,20,36.43,728.6
960,9,Fourni_B,85,17 Aug 2024,102,17.92,1827.84
961,3,,29,2025-04-07,99,11.05,1093.95
962,7,Fourni_D,21,16 Sep 2024,90,31.87,2868.3
963,12,Fourni_A,50,2024-06-21,186,38.24,7112.64
964,11,Fourni_B,43,21/05/2024,88,33.13,2915.44
965,10,Fourni_C,97,2024-07-01,145,28.49,4131.05
966,10,Fourni_A,7,02 June 2024,116,7.08,821.28
967,11,Fourni_A,16,2025-01-14,57,20.84,1187.88
968,5,Fourni_C,74,04 August 2024,120,27.2,3264.0
969,10,,27,12 Mar 2025,93,43.54,4049.22
970,5,Fourni_C,25,09-22-2024,148,8.82,1305.36
971,3,Fourni_B,19,06 Feb 2025,130,39.12,5085.6
972,1,Fourni_C,15,2025-03-16,99,16.35,1618.65
973,5,Fourni_C,21,2024-12-15,170,33.71,5730.7
974,8,Fourni_D,88,12 Nov 2024,148,12.66,1873.68
975,12,Fourni_D,4,26 Sep 2024,73,5.01,365.73
976,3,Fourni_A,85,02-28-2025,185,17.82,3296.7
977,6,Fourni_B,74,08 Feb 2025,115,24.69,2839.35
978,1,Fourni_A,77,27/12/2024,187,13.81,2582.47
979,5,Fourni_B,59,11/06/2024,13,39.92,518.96
980,1,Fourni_C,67,27/07/2024,43,34.15,1468.45
981,8,Fourni_D,13,02 Jul 2024,140,21.17,2963.8
982,4,Fourni_D,21,2024-12-22,40,34.58,1383.2
983,11,Fourni_C,58,2024-09-06,97,39.41,3822.77
984,6,Fourni_C,11,18/03/2025,44,29.65,1304.6
985,7,Fourni_C,60,31 Jan 2025,173,43.6,7542.8
986,4,Fourni_D,11,2024-11-18,91,28.03,2550.73
987,8,Fourni_D,17,2024-11-21,77,41.4,3187.8
988,2,Fourni_B,14,08-01-2024,25,12.88,322.0
989,11,Fourni_A,46,31/08/2024,184,41.78,7687.52
990,5,Fourni_D,10,2024-10-25,198,34.91,6912.18
991,9,Fourni_C,9,17/01/2025,129,34.62,4465.98
992,10,Fourni_D,40,10/07/2024,77,25.66,1975.82
993,1,Fourni_C,95,22/11/2024,46,24.02,1104.92
994,12,Fourni_D,98,2024-06-08,22,26.0,572.0
995,9,Fourni_A,98,05-29-2024,122,27.53,3358.66
996,4,Fourni_D,55,2024-07-12,127,24.53,3115.31
997,2,Fourni_D,38,15 Sep 2024,163,15.4,2510.2
998,5,Fourni_B,20,20 May 2024,168,35.74,6004.32
999,2,Fourni_C,22,01/12/2024,198,30.98,6134.04
1000,6,Fourni_A,66,28 Sep 2024,101,46.43,4689.43
